Type,Security,Price,Time,DayMovingAverage
Buy,BMRA,9.9846,30:46.0,10.61493117
Buy,MRK,79.32,30:46.2,79.54255421
Buy,PG,125.56,30:46.4,125.8731475
Buy,INTC,60.92,30:46.7,61.12529345
Buy,MSFT,209.225,30:46.9,210.893618
Buy,WMT,132.59,30:47.1,132.7251592
Buy,MCD,193.33,30:47.3,193.9894993
Buy,JNJ,149.98,30:47.5,150.4728885
Sell,WMT,132.74,31:50.5,132.7251592
Buy,NTRS,79.65,31:50.7,79.73881495
Buy,V,197.1,31:50.9,197.4810986
Buy,WMT,132.4819,32:52.5,132.7251592
Sell,NTRS,80.19,32:52.7,79.73881495
Sell,V,197.7366,33:55.8,197.4810986
Buy,AAPL,389.41,33:56.1,391.5800677
Buy,IBM,126.4233,33:56.3,128.5223978
Sell,MRK,79.63,34:57.8,79.54255421
Sell,MCD,194.6,34:58.0,193.9894993
Buy,V,197.47,34:58.2,197.4810986
Sell,INTC,61.19,36:01.2,61.12529345
Buy,MMM,158.48,36:01.7,158.7853935
Sell,BMRA,10.88,38:07.1,10.61493117
Sell,V,197.535,38:07.5,197.4810986
Buy,WBA,40.56,38:07.9,40.68880112
Buy,BMRA,10.43,39:09.4,10.61493117
Buy,QLGN,5.675,40:12.9,5.751051009
Sell,QLGN,5.7601,42:16.7,5.751051009
Buy,MRK,79.48,43:18.3,79.54255421
Buy,PSTX,15.32,43:18.5,15.63431984
Sell,MRK,79.58,44:20.6,79.54255421
Buy,MRK,79.49,45:22.4,79.54255421
Sell,MMM,159.1,45:22.7,158.7853935
Buy,QLGN,5.75,53:33.7,5.751051009
Sell,IBM,128.555,53:33.9,128.5223978
Sell,MSFT,210.924,54:35.3,210.893618
Buy,IBM,128.4605,54:35.5,128.5223978
Sell,QLGN,5.805,56:38.3,5.751051009
Sell,IBM,128.6,56:38.6,128.5223978
Buy,MSFT,210.805,57:40.0,210.893618
Buy,JPM,99.26,57:40.3,99.28003213
Buy,KO,47.28,58:41.8,47.28375414
Buy,MMM,158.72,59:43.5,158.7853935
Sell,MMM,158.825,00:45.1,158.7853935
Sell,MSFT,210.96,01:46.8,210.893618
Buy,MMM,158.725,01:47.0,158.7853935
Buy,BWEN,5.2499,04:51.1,5.285715447
Buy,DOW,43.1,04:51.3,43.11648881
Sell,AAPL,391.77,05:53.0,391.5800677
Sell,DOW,43.15,05:53.3,43.11648881
Sell,BWEN,5.2899,06:54.8,5.285715447
Buy,QLGN,5.7338,07:56.2,5.751051009
Buy,AAPL,391.28,07:56.4,391.5800677
Buy,DOW,43.105,07:56.7,43.11648881
Sell,DOW,43.13,08:58.5,43.11648881
Buy,MSFT,210.88,10:00.2,210.893618
Sell,MMM,159,10:00.4,158.7853935
Sell,MSFT,210.92,11:02.1,210.893618
Buy,MSFT,210.88,12:03.5,210.893618
Sell,KO,47.288,14:07.0,47.28375414
Buy,ALDX,6.32,15:08.4,6.329813296
Buy,BWEN,5.28,16:09.9,5.285715447
Sell,ALDX,6.35,16:10.1,6.329813296
Sell,MSFT,210.9501,17:12.5,210.893618
Buy,NTRS,75.87,18:14.1,79.73881495
Buy,ALDX,6.29,18:14.4,6.329813296
Buy,MSFT,210.62,22:19.6,210.893618
Buy,IBM,128.415,23:21.1,128.5223978
Sell,ALDX,6.3399,23:21.4,6.329813296
Buy,ALDX,6.326,26:25.1,6.329813296
Buy,CHKP,124.14,27:26.5,124.4320791
Sell,ALDX,6.34,29:29.2,6.329813296
Sell,CHKP,124.61,31:32.1,124.4320791
Buy,ALDX,6.3116,31:32.3,6.329813296
Buy,CHKP,124.36,32:33.7,124.4320791
Sell,ALDX,6.34,36:39.6,6.329813296
Buy,ALDX,6.31,37:41.0,6.329813296
Sell,ALDX,6.33,38:42.9,6.329813296
Sell,IBM,128.555,39:44.2,128.5223978
Buy,BIIB,282.35,41:47.1,282.3546838
Buy,IBM,128.42,41:47.3,128.5223978
Buy,ALDX,6.3,41:47.6,6.329813296
Sell,IBM,128.55,42:48.9,128.5223978
Sell,BIIB,282.52,43:50.7,282.3546838
Buy,BIIB,282.115,44:52.1,282.3546838
Sell,BIIB,282.81,45:53.7,282.3546838
Buy,MMM,158.78,49:59.2,158.7853935
Buy,V,197.43,53:03.4,197.4810986
Sell,MMM,158.8598,53:03.6,158.7853935
Buy,MMM,158.75,54:05.1,158.7853935
Buy,WIMI,12.5,54:05.3,12.50849062
Sell,WIMI,12.55,55:06.7,12.50849062
Sell,MMM,158.79,56:08.1,158.7853935
Buy,MMM,158.68,57:09.4,158.7853935
Buy,INTC,61.095,58:10.8,61.12529345
Sell,V,197.49,58:11.0,197.4810986
Buy,V,197.41,59:12.4,197.4810986
Sell,MMM,158.89,59:12.6,158.7853935
Sell,ALDX,6.33,59:12.9,6.329813296
Buy,WRB,64.26,01:15.5,64.31729947
Sell,V,197.82,02:16.8,197.4810986
Buy,ALDX,6.32,04:19.9,6.329813296
Sell,INTC,61.14,05:21.3,61.12529345
Sell,ALDX,6.35,05:21.6,6.329813296
Buy,INTC,61.11,06:23.0,61.12529345
Buy,V,197.45,07:24.5,197.4810986
Buy,MMM,158.7801,07:24.7,158.7853935
Sell,CHKP,124.555,10:28.4,124.4320791
Buy,EVSI,13.3601,12:31.0,13.4194425
Sell,PSTX,15.75,14:34.2,15.63431984
Buy,PSTX,15.56,15:35.5,15.63431984
Sell,EVSI,13.495,17:38.3,13.4194425
Sell,V,197.52,24:48.2,197.4810986
Buy,EVSI,13.39,32:58.0,13.4194425
Sell,EVSI,13.57,33:59.3,13.4194425
Buy,EVSI,13.41,35:00.7,13.4194425
Sell,EVSI,13.46,36:02.2,13.4194425
Buy,CHKP,124.17,39:06.2,124.4320791
Sell,WRB,64.35,39:06.5,64.31729947
Buy,EVSI,13.4,42:10.4,13.4194425
Buy,VRNA,8.75,43:11.9,8.770082258
Buy,WRB,64.3,45:14.3,64.31729947
Sell,EVSI,13.45,46:15.7,13.4194425
Sell,VRNA,8.79,46:16.0,8.770082258
Sell,PSTX,15.69,48:19.2,15.63431984
Buy,VRNA,8.74,49:20.6,8.770082258
Buy,BKR,16.08,53:25.7,16.1218785
Sell,VRNA,8.7794,55:28.4,8.770082258
Buy,RTX,62.94,55:28.6,62.96226404
Sell,RTX,62.985,58:32.5,62.96226404
Buy,IBM,128.4501,59:34.0,128.5223978
Buy,PSTX,15.61,00:35.6,15.63431984
Sell,IBM,128.55,02:39.0,128.5223978
Sell,BKR,16.155,02:39.2,16.1218785
Buy,RTX,62.92,03:40.7,62.96226404
Buy,IBM,128.52,04:42.2,128.5223978
Sell,IBM,128.65,05:43.6,128.5223978
Buy,IBM,128.52,06:45.1,128.5223978
Sell,MSFT,210.8939,07:46.5,210.893618
Buy,NKE,98.25,08:47.9,98.25115743
Sell,NKE,98.25,09:49.3,98.25115743
Sell,IBM,128.56,13:54.6,128.5223978
Sell,WRB,64.35,15:57.0,64.31729947
Buy,EVSI,13.36,17:59.9,13.4194425
Buy,IBM,128.5108,18:00.1,128.5223978
Buy,WRB,64.3,18:00.4,64.31729947
Sell,EVSI,13.5492,19:01.8,13.4194425
Sell,IBM,128.57,24:07.7,128.5223978
Buy,IBM,128.48,25:09.2,128.5223978
Buy,EVSI,13.38,28:13.3,13.4194425
Buy,V,197.48,28:13.6,197.4810986
Sell,EVSI,13.46,30:16.0,13.4194425
Sell,RTX,63.02,31:17.3,62.96226404
Sell,V,197.4854,36:23.9,197.4810986
Buy,V,197.48,37:25.2,197.4810986
Sell,V,197.49,39:28.1,197.4810986
Buy,V,197.43,40:29.5,197.4810986
Buy,MSFT,210.88,41:30.9,210.893618
Sell,MSFT,210.9199,42:32.2,210.893618
Buy,MSFT,210.8418,43:33.6,210.893618
Sell,MSFT,210.95,44:35.0,210.893618
Buy,MSFT,210.8352,45:36.7,210.893618
Buy,EVSI,13.4,46:38.1,13.4194425
Sell,MSFT,210.895,48:41.7,210.893618
Sell,V,197.51,49:43.3,197.4810986
Sell,EVSI,13.425,50:44.6,13.4194425
Buy,V,197.47,50:44.9,197.4810986
Buy,MSFT,210.6801,54:49.9,210.893618
Sell,WRB,64.34,54:50.3,64.31729947
Buy,WRB,64.3,55:52.0,64.31729947
Sell,MSFT,210.94,58:55.7,210.893618
Sell,WRB,64.32,59:57.1,64.31729947
Buy,MSFT,210.8059,00:58.7,210.893618
Buy,WRB,64.31,00:58.9,64.31729947
Sell,PG,125.88,18:18.7,125.8731475
Buy,PG,125.85,19:20.0,125.8731475
Buy,VRNA,8.76,24:25.6,8.770082258
Buy,NKE,98.24,25:26.9,98.25115743
Sell,NKE,98.26,28:30.4,98.25115743
Buy,AXP,96.32,31:34.4,96.32326757
Sell,AXP,96.36,34:38.1,96.32326757
Buy,BIIB,282.35,35:39.4,282.3546838
Sell,BIIB,282.36,36:40.7,282.3546838
Buy,NKE,98.25,36:41.0,98.25115743
Buy,BIIB,282.3,37:42.2,282.3546838
Sell,BIIB,282.53,38:43.6,282.3546838
Sell,VRNA,8.795,42:48.2,8.770082258
Buy,VRNA,8.7609,45:51.7,8.770082258
Buy,BIIB,282.205,46:53.0,282.3546838
Buy,AXP,96.3,46:53.2,96.32326757
Buy,BA,179.0301,47:54.6,179.0620466
Buy,APH,102.55,49:57.7,102.5644034
Buy,EVSI,13.4,50:59.0,13.4194425
Sell,AXP,96.36,52:00.4,96.32326757
Sell,VRNA,8.85,53:01.7,8.770082258
Sell,BA,179.08,54:03.2,179.0620466
Buy,BA,179.04,55:04.8,179.0620466
Buy,AXP,96.3,55:05.1,96.32326757
Sell,APH,102.62,56:06.5,102.5644034
Buy,APH,102.44,58:09.0,102.5644034
Sell,APH,102.65,01:12.7,102.5644034
Sell,AXP,96.3634,04:16.4,96.32326757
Sell,BA,179.075,06:18.9,179.0620466
Buy,VRNA,8.72,07:20.1,8.770082258
Sell,NKE,98.26,09:22.7,98.25115743
Buy,NKE,98.25,10:24.0,98.25115743
Sell,EVSI,13.49,11:25.3,13.4194425
Buy,SDC,9.08,11:25.5,9.080192441
Buy,NETE,15.7083,12:26.8,15.74708139
Sell,NETE,15.7799,14:29.7,15.74708139
Buy,EVSI,13.395,15:31.1,13.4194425
Sell,NKE,98.26,17:33.9,98.25115743
Buy,NETE,15.6994,17:34.1,15.74708139
Buy,NKE,98.24,18:35.5,98.25115743
Buy,AXP,96.31,22:41.5,96.32326757
Sell,NKE,98.27,23:42.9,98.25115743
Sell,AXP,96.37,23:43.1,96.32326757
Buy,NKE,98.2,24:44.4,98.25115743
Buy,AXP,96.31,26:47.1,96.32326757
Buy,APH,102.505,31:53.3,102.5644034
Buy,BA,178.9042,31:53.5,179.0620466
Sell,BA,179.0801,32:55.1,179.0620466
Sell,APH,102.63,33:56.2,102.5644034
Sell,AXP,96.39,33:56.5,96.32326757
Buy,APH,102.54,34:57.9,102.5644034
Sell,NETE,15.76,34:58.2,15.74708139
Sell,VRNA,8.79,35:59.8,8.770082258
Sell,MSFT,210.9,37:01.0,210.893618
Sell,APH,102.58,37:01.3,102.5644034
Buy,APH,102.535,38:02.6,102.5644034
Buy,MSFT,210.88,39:04.0,210.893618
Sell,V,197.52,40:06.0,197.4810986
Sell,APH,102.57,41:07.4,102.5644034
Buy,APH,102.56,42:08.7,102.5644034
Sell,APH,102.67,43:10.0,102.5644034
Sell,MSFT,210.9,44:11.6,210.893618
Buy,MSFT,210.77,48:16.8,210.893618
Buy,NETE,15.7104,48:17.0,15.74708139
Sell,NETE,15.75,50:19.2,15.74708139
Buy,NETE,15.7,56:27.2,15.74708139
Buy,VRNA,8.6559,58:29.8,8.770082258
Sell,VRNA,8.806,59:31.2,8.770082258
Sell,NKE,98.28,00:32.6,98.25115743
Buy,APH,102.45,01:34.3,102.5644034
Buy,NKE,98.22,01:34.5,98.25115743
Buy,OCUL,8.67,02:35.9,8.676976897
Sell,MSFT,210.99,06:41.0,210.893618
Sell,SDC,9.0881,07:42.3,9.080192441
Sell,PG,125.88,10:45.9,125.8731475
Buy,PG,125.86,11:47.5,125.8731475
Sell,PG,125.875,12:48.9,125.8731475
Sell,APH,102.62,12:49.2,102.5644034
Buy,VRNA,8.7501,13:50.7,8.770082258
Sell,INTC,61.13,14:52.3,61.12529345
Sell,WBA,40.7022,14:52.5,40.68880112
Sell,VRNA,8.81,14:52.7,8.770082258
Sell,OCUL,8.69,14:53.0,8.676976897
Sell,NKE,98.31,14:53.2,98.25115743
Buy,WBA,40.67,15:54.9,40.68880112
Sell,WBA,40.69,17:58.2,40.68880112
Buy,OCUL,8.66,17:58.4,8.676976897
Buy,INTC,61.11,18:59.7,61.12529345
Buy,WBA,40.675,18:59.9,40.68880112
Buy,SDC,9.07,19:00.2,9.080192441
Sell,INTC,61.135,21:02.7,61.12529345
Sell,SDC,9.075,21:03.0,9.080192441
Buy,VRNA,8.77,22:04.5,8.770082258
Buy,SDC,9.08,22:04.7,9.080192441
Buy,INTC,61.105,23:06.1,61.12529345
Sell,WMT,132.75,25:08.7,132.7251592
Sell,VRNA,8.81,25:08.9,8.770082258
Sell,OCUL,8.71,25:09.2,8.676976897
Buy,WMT,132.6801,27:12.5,132.7251592
Buy,MSFT,210.89,28:13.8,210.893618
Sell,WMT,132.73,28:14.1,132.7251592
Sell,WBA,40.69,28:14.3,40.68880112
Buy,OCUL,8.67,28:14.5,8.676976897
Buy,WMT,132.62,29:16.1,132.7251592
Buy,VRNA,8.642,29:16.3,8.770082258
Buy,WBA,40.68,30:17.6,40.68880112
Sell,VRNA,8.8099,30:17.9,8.770082258
Sell,SDC,9.085,31:19.3,9.080192441
Sell,OCUL,8.695,31:19.6,8.676976897
Sell,MSFT,210.945,32:21.3,210.893618
Buy,VRNA,8.725,32:21.6,8.770082258
Buy,SDC,9.075,32:21.9,9.080192441
Buy,MSFT,210.855,33:23.3,210.893618
Sell,MSFT,211.06,35:26.0,210.893618
Sell,SDC,9.095,35:26.2,9.080192441
Sell,IBM,128.56,36:27.8,128.5223978
Sell,PSTX,15.76,37:29.2,15.63431984
Buy,IBM,128.49,38:30.9,128.5223978
Sell,INTC,61.145,39:32.3,61.12529345
Sell,IBM,128.57,39:32.5,128.5223978
Buy,INTC,61.125,41:35.0,61.12529345
Sell,WMT,132.74,41:35.2,132.7251592
Sell,INTC,61.135,43:38.1,61.12529345
Buy,PSTX,15.47,43:38.3,15.63431984
Sell,PSTX,15.69,45:40.8,15.63431984
Sell,MMM,158.84,47:43.4,158.7853935
Buy,INTC,61.115,51:49.4,61.12529345
Buy,PSTX,15.63,51:49.6,15.63431984
Buy,WMT,132.69,52:51.2,132.7251592
Sell,PSTX,15.64,52:51.4,15.63431984
Sell,WBA,40.695,55:55.5,40.68880112
Buy,NKE,98.945,30:14.4,99.09491039
Buy,GS,204.205,33:19.1,204.3054509
Sell,GS,204.375,36:24.1,204.3054509
Buy,GS,204.09,37:25.8,204.3054509
Buy,HD,264.77,39:29.9,264.8081462
Sell,GS,204.36,41:32.9,204.3054509
Sell,HD,264.84,41:33.1,264.8081462
Sell,NKE,99.1,45:39.1,99.09491039
Buy,CLSK,5.14,45:39.3,5.146571128
Buy,NKE,99.06,47:42.3,99.09491039
Buy,GS,204.15,48:43.7,204.3054509
Sell,NKE,99.14,48:43.9,99.09491039
Sell,CLSK,5.17,48:44.1,5.146571128
Sell,GS,204.31,49:45.5,204.3054509
Buy,NKE,99.06,49:45.8,99.09491039
Buy,GS,204.08,50:47.1,204.3054509
Sell,NKE,99.17,54:53.1,99.09491039
Buy,MCD,197.91,00:00.2,197.9081852
Buy,NKE,99.08,07:09.4,99.09491039
Sell,NKE,99.14,08:10.8,99.09491039
Buy,NKE,99.08,09:12.4,99.09491039
Buy,KO,48.315,10:14.1,48.31520813
Sell,NKE,99.11,10:14.3,99.09491039
Buy,WMT,131.66,17:23.9,132.0102245
Buy,NKE,99.09,19:26.5,99.09491039
Sell,NKE,99.1,20:27.9,99.09491039
Buy,NKE,99.08,21:29.7,99.09491039
Sell,NKE,99.1,22:31.2,99.09491039
Buy,XOM,43.41,22:31.4,43.46008515
Buy,NKE,99.05,23:33.1,99.09491039
Buy,TLSA,9.2976,23:33.3,9.415821805
Buy,IDXG,6.2095,24:34.9,6.249330726
Buy,CVX,90.54,24:35.1,90.66741045
Sell,NKE,99.11,24:35.3,99.09491039
Buy,MMM,159.17,25:36.7,159.2252387
Sell,CVX,90.67,26:38.1,90.66741045
Sell,IDXG,6.27,27:39.5,6.249330726
Buy,CVX,90.66,27:39.7,90.66741045
Buy,BA,178.2901,28:41.5,178.3166956
Sell,CVX,90.73,40:56.5,90.66741045
Buy,CCL,14.916,44:00.6,14.92068355
Buy,MSFT,202.6501,44:00.9,205.4844867
Sell,CCL,14.94,45:02.2,14.92068355
Buy,CCL,14.92,46:03.5,14.92068355
Sell,CCL,14.9338,49:07.9,14.92068355
Sell,XOM,43.4615,55:16.6,43.46008515
Buy,XOM,43.39,56:18.0,43.46008515
Buy,CCL,14.9053,58:20.4,14.92068355
Sell,CCL,14.96,00:23.0,14.92068355
Sell,MCD,197.98,00:23.3,197.9081852
Sell,MMM,159.3,00:23.5,159.2252387
Buy,MCD,197.76,01:24.8,197.9081852
Buy,NKE,99.05,02:26.1,99.09491039
Buy,CVX,90.66,04:28.6,90.66741045
Sell,TLSA,9.43,05:29.9,9.415821805
Buy,CCL,14.91,07:33.0,14.92068355
Buy,TLSA,9.395,07:33.3,9.415821805
Buy,MRO,5.77,11:40.0,5.771865563
Sell,CVX,90.8,13:42.7,90.66741045
Sell,MRO,5.785,13:43.1,5.771865563
Buy,NVDA,410.67,13:43.4,410.8401909
Sell,XOM,43.5,14:45.0,43.46008515
Buy,TRV,118.64,14:45.3,119.2126967
Buy,PG,126.23,18:09.8,126.4876925
Buy,IDXG,6.11,19:11.3,6.249330726
Sell,CCL,14.93,19:11.5,14.92068355
Buy,CCL,14.9083,22:15.1,14.92068355
Sell,CCL,14.94,24:17.7,14.92068355
Buy,MRO,5.77,27:22.1,5.771865563
Buy,DOW,42.63,29:24.6,42.63968029
Buy,XOM,43.45,29:24.8,43.46008515
Buy,CCL,14.9201,29:25.0,14.92068355
Sell,DOW,42.697,30:26.4,42.63968029
Sell,XOM,43.49,30:26.6,43.46008515
Sell,CCL,14.9334,30:26.8,14.92068355
Sell,NVDA,411.21,32:29.5,410.8401909
Buy,CCL,14.91,33:31.1,14.92068355
Buy,NVDA,410.5,33:31.3,410.8401909
Sell,NVDA,411,34:32.6,410.8401909
Sell,MRO,5.775,35:33.9,5.771865563
Buy,NVDA,410.79,35:34.1,410.8401909
Sell,IDXG,6.3,37:36.7,6.249330726
Buy,MRO,5.77,37:36.9,5.771865563
Buy,DOW,42.63,41:41.9,42.63968029
Buy,IDXG,6.22,42:43.2,6.249330726
Sell,DOW,42.65,42:43.4,42.63968029
Sell,MRO,5.7799,43:44.8,5.771865563
Buy,MRO,5.77,44:46.2,5.771865563
Buy,DOW,42.62,46:48.5,42.63968029
Sell,DOW,42.67,51:54.7,42.63968029
Buy,CLSK,5.14,51:54.8,5.146571128
Buy,TXN,130.08,51:55.0,130.1393205
Sell,CLSK,5.16,53:57.7,5.146571128
Buy,AXP,96.516,53:57.9,96.5909656
Buy,CLSK,5.14,54:59.4,5.146571128
Buy,DOW,42.6267,56:00.7,42.63968029
Sell,CLSK,5.18,02:07.8,5.146571128
Buy,NI,24.655,03:09.1,24.66777538
Sell,TXN,130.15,03:09.3,130.1393205
Sell,NI,24.675,04:10.6,24.66777538
Sell,MRO,5.775,04:10.8,5.771865563
Buy,TXN,130.01,04:11.0,130.1393205
Buy,NI,24.66,05:12.4,24.66777538
Buy,MRO,5.77,05:12.7,5.771865563
Sell,IDXG,6.28,07:15.5,6.249330726
Buy,IDXG,6.18,09:17.9,6.249330726
Buy,SCPL,15.07,15:25.2,15.11362285
Buy,WBA,40.45,15:25.4,40.46664524
Buy,HD,264.69,15:25.7,264.8081462
Sell,WBA,40.4713,16:26.9,40.46664524
Buy,CVX,90.61,16:27.1,90.66741045
Buy,WBA,40.45,17:28.4,40.46664524
Sell,WBA,40.47,18:29.6,40.46664524
Sell,CVX,90.71,20:32.1,90.66741045
Sell,HD,264.815,20:32.3,264.8081462
Sell,SCPL,15.15,21:33.5,15.11362285
Buy,HD,264.595,21:33.7,264.8081462
Buy,CLSK,5.11,23:36.7,5.146571128
Sell,HD,264.84,25:40.0,264.8081462
Buy,SCPL,15.1,28:43.6,15.11362285
Sell,SCPL,15.15,29:44.8,15.11362285
Sell,CLSK,5.1485,29:45.0,5.146571128
Buy,WBA,40.46,30:46.2,40.46664524
Buy,HD,264.6971,30:46.5,264.8081462
Buy,CLSK,5.14,30:46.7,5.146571128
Sell,IDXG,6.3,31:48.0,6.249330726
Sell,CLSK,5.1547,32:49.7,5.146571128
Buy,XOM,43.46,33:51.0,43.46008515
Sell,WBA,40.475,34:52.2,40.46664524
Buy,WBA,40.45,35:53.6,40.46664524
Buy,CVX,90.55,35:53.8,90.66741045
Buy,LB,19.4496,35:54.0,19.4500782
Sell,WBA,40.49,36:55.6,40.46664524
Buy,IDXG,6.22,37:56.9,6.249330726
Buy,CLSK,5.105,42:01.4,5.146571128
Sell,HD,264.855,43:02.8,264.8081462
Buy,JPM,98.58,44:04.4,98.59617398
Buy,PHM,42.155,45:05.6,42.15841264
Sell,CVX,90.69,46:06.9,90.66741045
Sell,PHM,42.2,46:07.2,42.15841264
Sell,JPM,98.6,46:07.5,98.59617398
Sell,CLSK,5.19,47:08.8,5.146571128
Buy,JPM,98.55,47:09.0,98.59617398
Buy,CVX,90.65,48:10.3,90.66741045
Sell,TXN,130.21,48:10.5,130.1393205
Sell,CVX,90.69,49:11.9,90.66741045
Buy,CVX,90.582,51:14.4,90.66741045
Buy,TXN,130.11,51:14.6,130.1393205
Sell,CVX,90.73,54:18.0,90.66741045
Sell,XOM,43.4999,54:18.3,43.46008515
Sell,TXN,130.15,54:18.6,130.1393205
Buy,XOM,43.46,55:19.8,43.46008515
Buy,CLSK,5.13,55:20.0,5.146571128
Buy,RCL,50.35,55:20.2,50.39690646
Buy,TXN,130.095,55:20.4,130.1393205
Buy,CVX,90.62,56:21.8,90.66741045
Sell,TXN,130.18,56:22.1,130.1393205
Sell,CLSK,5.15,58:24.9,5.146571128
Sell,CVX,90.679,59:26.1,90.66741045
Sell,RCL,50.4,59:26.3,50.39690646
Buy,CVX,90.7,00:27.6,90.66741045
Buy,HD,264.8,00:27.8,264.8081462
Sell,HD,264.87,01:29.0,264.8081462
Sell,XOM,43.466,01:29.2,43.46008515
Buy,XOM,43.435,03:31.8,43.46008515
Buy,RCL,50.37,04:33.0,50.39690646
Sell,RCL,50.42,07:36.4,50.39690646
Sell,LB,19.455,08:37.7,19.4500782
Sell,XOM,43.48,09:39.1,43.46008515
Sell,JPM,98.64,09:39.2,98.59617398
Sell,CVX,90.67,10:40.9,90.66741045
Buy,AAPL,371.45,10:41.1,378.2899932
Buy,CVX,90.61,11:42.4,90.66741045
Sell,MCD,197.93,11:42.6,197.9081852
Buy,LB,19.4022,11:42.8,19.4500782
Buy,WBA,40.4503,12:44.0,40.46664524
Buy,XOM,43.46,14:46.5,43.46008515
Sell,WBA,40.48,15:47.8,40.46664524
Buy,JPM,98.58,17:50.2,98.59617398
Sell,JPM,98.6301,18:51.5,98.59617398
Sell,CVX,90.69,22:56.5,90.66741045
Sell,XOM,43.51,22:56.8,43.46008515
Sell,TLSA,9.46,23:58.7,9.415821805
Buy,TLSA,9.3801,31:06.9,9.415821805
Buy,JPM,98.58,31:07.1,98.59617398
Sell,JPM,98.605,32:08.3,98.59617398
Buy,EW,78.26,32:08.5,78.40350683
Buy,CVX,90.61,33:09.8,90.66741045
Buy,XOM,43.45,34:11.1,43.46008515
Sell,TLSA,9.4699,34:11.3,9.415821805
Sell,XOM,43.48,35:13.1,43.46008515
Sell,CVX,90.67,39:17.5,90.66741045
Sell,EW,78.5,39:17.8,78.40350683
Buy,CVX,90.68,40:19.0,90.66741045
Sell,CVX,90.756,41:20.4,90.66741045
Buy,TLSA,9.4,43:23.0,9.415821805
Buy,JPM,98.59,43:23.2,98.59617398
Sell,JPM,98.615,45:26.2,98.59617398
Buy,EW,78.38,46:27.7,78.40350683
Sell,EW,78.48,47:28.9,78.40350683
Buy,TXN,130.09,48:30.2,130.1393205
Buy,CVX,90.63,49:31.5,90.66741045
Buy,JPM,98.54,50:32.9,98.59617398
Sell,TLSA,9.44,51:34.1,9.415821805
Sell,JPM,98.6,51:34.3,98.59617398
Buy,JPM,98.59,52:35.6,98.59617398
Sell,JPM,98.615,53:36.9,98.59617398
Buy,EW,78.385,53:37.1,78.40350683
Buy,JPM,98.59,54:38.4,98.59617398
Buy,BBY,97.16,54:38.6,97.16384771
Sell,BBY,97.18,56:40.9,97.16384771
Sell,IDXG,6.25,58:43.3,6.249330726
Sell,EW,78.44,58:43.5,78.40350683
Buy,IDXG,6.22,59:44.8,6.249330726
Buy,EW,78.35,01:47.1,78.40350683
Sell,EW,78.456,03:49.4,78.40350683
Sell,JPM,98.6415,04:50.6,98.59617398
Buy,EW,78.4,04:50.8,78.40350683
Buy,JPM,98.59,05:52.3,98.59617398
Sell,JPM,98.6374,06:53.6,98.59617398
Buy,JPM,98.57,07:54.9,98.59617398
Sell,EW,78.45,08:56.2,78.40350683
Sell,KO,48.32,13:01.2,48.31520813
Buy,SCPL,15.08,14:02.5,15.11362285
Buy,KO,48.29,14:02.7,48.31520813
Buy,WBA,40.435,15:04.1,40.46664524
Sell,SCPL,15.13,16:05.5,15.11362285
Buy,XOM,43.45,16:05.8,43.46008515
Buy,SCPL,15.08,17:07.1,15.11362285
Sell,SCPL,15.17,18:08.5,15.11362285
Buy,BBY,97.1,18:08.7,97.16384771
Buy,EW,78.345,19:10.0,78.40350683
Sell,EW,78.405,20:11.4,78.40350683
Buy,SCPL,15.08,21:12.6,15.11362285
Sell,WBA,40.475,29:21.9,40.46664524
Buy,WBA,40.4485,30:23.2,40.46664524
Buy,HD,264.69,31:24.5,264.8081462
Buy,EW,78.32,31:24.7,78.40350683
Sell,WBA,40.47,36:31.1,40.46664524
Sell,HD,264.9,36:31.3,264.8081462
Sell,BBY,97.19,38:34.5,97.16384771
Sell,KO,48.3399,39:35.8,48.31520813
Sell,IDXG,6.2999,40:37.2,6.249330726
Sell,SCPL,15.1527,40:37.5,15.11362285
Buy,CLSK,5.1,41:38.7,5.146571128
Buy,BBY,97.12,41:38.9,97.16384771
Sell,CLSK,5.15,42:40.2,5.146571128
Buy,SCPL,15.11,43:41.4,15.11362285
Buy,CLSK,5.07,43:41.7,5.146571128
Sell,SCPL,15.12,44:42.9,15.11362285
Buy,TLSA,9.38,44:43.1,9.415821805
Buy,SCPL,14.91,45:44.5,15.11362285
Sell,TLSA,9.417,45:44.7,9.415821805
Buy,TLSA,9.385,46:46.1,9.415821805
Buy,IDXG,6.24,47:47.6,6.249330726
Sell,TLSA,9.42,51:52.5,9.415821805
Sell,BBY,97.17,52:53.9,97.16384771
Buy,TLSA,9.365,54:57.1,9.415821805
Buy,BBY,97.1,55:58.7,97.16384771
Buy,ABUS,5.37,30:33.7,5.983312696
Buy,INTC,50.975,30:33.9,51.11287678
Buy,V,195.68,30:34.1,195.6887639
Buy,DOW,42.625,30:34.3,42.76077361
Buy,AXP,94.58,30:34.5,95.91544728
Buy,PG,125.87,30:34.7,125.9861251
Buy,LINC,5.6202,31:37.6,5.818487571
Buy,CAT,137.78,32:41.5,137.796519
Buy,GS,201.52,32:41.7,203.2911432
Buy,CSCO,46.48,32:41.9,46.80984067
Sell,DOW,42.85,33:44.8,42.76077361
Sell,PG,126.134,33:45.0,125.9861251
Buy,MMM,159.47,34:47.1,159.8913908
Buy,PG,125.95,35:48.5,125.9861251
Sell,CAT,137.91,36:50.6,137.796519
Buy,DOW,42.67,37:52.5,42.76077361
Buy,CAT,137.535,37:52.7,137.796519
Buy,AERI,12.23,38:54.9,12.25114149
Sell,AERI,12.29,39:56.7,12.25114149
Sell,MMM,160.06,39:57.0,159.8913908
Sell,CAT,137.8,39:57.2,137.796519
Sell,DOW,42.79,40:59.4,42.76077361
Sell,PG,126.085,42:01.1,125.9861251
Buy,PG,125.97,43:02.6,125.9861251
Sell,PG,126.0275,44:04.0,125.9861251
Sell,CSCO,46.82,52:16.2,46.80984067
Buy,CSCO,46.77,53:18.2,46.80984067
Sell,CSCO,46.825,54:19.9,46.80984067
Sell,V,195.71,55:21.5,195.6887639
Buy,CSCO,46.79,55:21.7,46.80984067
Sell,CSCO,46.817,57:25.8,46.80984067
Buy,XOM,43.55,01:31.9,43.55691684
Sell,XOM,43.57,02:33.8,43.55691684
Buy,XOM,43.54,03:35.5,43.55691684
Sell,XOM,43.57,04:37.1,43.55691684
Buy,CSCO,46.785,05:39.1,46.80984067
Buy,XOM,43.539,05:39.4,43.55691684
Sell,CSCO,46.815,06:40.8,46.80984067
Sell,XOM,43.602,06:41.1,43.55691684
Buy,CSCO,46.785,10:46.4,46.80984067
Buy,FE,29.07,14:52.5,29.09854897
Buy,AERI,12.25,16:55.6,12.25114149
Sell,GS,203.34,21:00.6,203.2911432
Buy,GS,203.24,27:09.7,203.2911432
Sell,GS,203.4,28:11.1,203.2911432
Buy,MSFT,201.05,29:12.6,201.225591
Sell,MSFT,201.25,32:17.2,201.225591
Sell,AERI,12.255,39:27.2,12.25114149
Buy,AERI,12.22,41:29.9,12.25114149
Sell,AERI,12.2599,42:31.3,12.25114149
Sell,FE,29.19,42:31.5,29.09854897
Buy,AERI,12.22,44:34.7,12.25114149
Buy,AAL,11.46,45:36.1,11.47905857
Buy,QH,7.92,45:36.3,7.946115179
Buy,FE,29.055,46:37.7,29.09854897
Sell,FE,29.19,48:40.2,29.09854897
Sell,QH,7.985,49:42.3,7.946115179
Sell,AAL,11.4858,50:43.6,11.47905857
Buy,AAL,11.4762,52:46.5,11.47905857
Sell,AAL,11.4801,54:49.1,11.47905857
Buy,AAL,11.465,55:50.5,11.47905857
Buy,QH,7.91,02:59.0,7.946115179
Sell,QH,8,04:00.5,7.946115179
Buy,QH,7.91,07:05.2,7.946115179
Sell,QH,7.99,10:08.9,7.946115179
Buy,CVX,90.65,16:16.7,90.95790963
Buy,QRVO,114.145,17:18.3,114.149074
Buy,QH,7.93,18:19.7,7.946115179
Sell,QRVO,114.15,18:20.0,114.149074
Buy,QRVO,114.1,21:23.7,114.149074
Sell,QRVO,114.21,22:25.2,114.149074
Buy,TPR,13.61,23:26.5,13.63626608
Buy,QRVO,114.06,24:27.9,114.149074
Buy,GS,203.21,27:33.7,203.2911432
Sell,TPR,13.64,32:41.5,13.63626608
Buy,TPR,13.61,33:43.1,13.63626608
Buy,WMT,131.26,36:46.9,131.2741016
Sell,GS,203.34,37:48.3,203.2911432
Sell,WMT,131.305,37:48.5,131.2741016
Buy,GS,203.15,38:50.3,203.2911432
Buy,XOM,43.545,48:02.3,43.55691684
Buy,FE,29.09,49:03.7,29.09854897
Sell,FE,29.1523,51:06.3,29.09854897
Sell,QRVO,114.19,04:23.1,114.149074
Buy,QRVO,114.12,05:24.5,114.149074
Sell,XOM,43.58,09:29.5,43.55691684
Sell,QH,8,10:30.9,7.946115179
Sell,QRVO,114.24,10:31.1,114.149074
Buy,XOM,43.525,11:32.5,43.55691684
Buy,FE,29.07,15:37.8,29.09854897
Sell,XOM,43.565,16:39.1,43.55691684
Buy,XOM,43.54,18:41.7,43.55691684
Buy,QH,7.93,19:43.3,7.946115179
Sell,QH,7.947,22:47.6,7.946115179
Sell,GS,203.31,25:51.4,203.2911432
Buy,GS,203.26,26:52.8,203.2911432
Sell,FE,29.11,26:53.0,29.09854897
Sell,GS,203.285,27:54.3,203.2911432
Buy,QH,7.93,27:54.6,7.946115179
Sell,XOM,43.5626,27:54.8,43.55691684
Sell,QH,7.95,37:07.2,7.946115179
Buy,FE,29.09,40:10.9,29.09854897
Sell,FE,29.1,42:13.5,29.09854897
Buy,QH,7.86,43:15.1,7.946115179
Sell,QH,7.99,47:19.8,7.946115179
Buy,QH,7.94,49:22.2,7.946115179
Sell,QH,7.99,50:23.5,7.946115179
Buy,XOM,43.55,59:35.6,43.55691684
Buy,PG,125.98,00:37.0,125.9861251
Sell,PG,126.02,03:41.1,125.9861251
Sell,CSCO,46.81,05:43.8,46.80984067
Buy,CSCO,46.805,08:47.4,46.80984067
Sell,CSCO,46.8282,09:48.7,46.80984067
Buy,WMT,131.26,09:48.9,131.2741016
Sell,TPR,13.6399,10:50.2,13.63626608
Buy,TPR,13.62,11:51.6,13.63626608
Buy,GS,203.29,11:51.8,203.2911432
Sell,XOM,43.56,11:52.1,43.55691684
Buy,PG,125.98,15:56.5,125.9861251
Sell,GS,203.38,15:56.7,203.2911432
Buy,CSCO,46.8,15:56.9,46.80984067
Sell,PG,125.995,16:58.2,125.9861251
Buy,GS,203.28,20:02.0,203.2911432
Sell,CSCO,46.83,23:06.2,46.80984067
Buy,PG,125.94,25:09.4,125.9861251
Buy,XOM,43.53,26:10.7,43.55691684
Sell,PG,126.01,28:13.1,125.9861251
Buy,QH,7.89,28:13.3,7.946115179
Sell,XOM,43.57,28:13.5,43.55691684
Sell,QH,7.96,43:30.1,7.946115179
Sell,WMT,131.3163,47:35.2,131.2741016
Buy,WMT,131.265,48:36.4,131.2741016
Sell,WMT,131.28,57:47.6,131.2741016
Buy,WMT,131.25,58:49.0,131.2741016
Sell,WMT,131.28,03:55.6,131.2741016
Buy,PG,125.98,04:56.9,125.9861251
Buy,WMT,131.27,04:57.1,131.2741016
Sell,PG,126.03,05:58.6,125.9861251
Buy,QH,7.9,05:58.9,7.946115179
Sell,QH,7.95,11:06.1,7.946115179
Buy,QH,7.88,12:08.4,7.946115179
Sell,AERI,12.3,13:10.0,12.25114149
Buy,AERI,12.22,16:13.8,12.25114149
Sell,AERI,12.28,21:20.4,12.25114149
Buy,AERI,12.25,27:29.6,12.25114149
Sell,AERI,12.255,28:31.2,12.25114149
Sell,QH,7.98,31:34.8,7.946115179
Buy,QH,7.8119,34:38.6,7.946115179
Sell,QH,7.98,35:39.9,7.946115179
Buy,QH,7.81,42:48.5,7.946115179
Sell,QH,7.98,43:49.8,7.946115179
Buy,QH,7.81,47:54.3,7.946115179
Buy,FE,29.09,56:04.4,29.09854897
Buy,XOM,43.55,05:16.1,43.55691684
Sell,XOM,43.57,06:17.4,43.55691684
Buy,XOM,43.5415,07:18.8,43.55691684
Sell,FE,29.1,08:20.2,29.09854897
Sell,XOM,43.57,08:20.5,43.55691684
Buy,FE,29.085,09:22.0,29.09854897
Buy,XOM,43.53,09:22.2,43.55691684
Buy,AERI,12.245,12:26.2,12.25114149
Sell,AERI,12.28,13:27.7,12.25114149
Sell,FE,29.1,16:31.6,29.09854897
Buy,FE,29.085,17:33.0,29.09854897
Buy,PG,125.96,18:34.9,125.9861251
Sell,PG,126.03,19:36.5,125.9861251
Sell,XOM,43.59,21:39.0,43.55691684
Sell,GS,203.4178,22:40.3,203.2911432
Sell,AXP,95.9236,34:56.3,95.91544728
Buy,AXP,95.88,35:58.0,95.91544728
Sell,TPR,13.67,35:58.4,13.63626608
Sell,AXP,95.9499,36:59.9,95.91544728
Buy,AXP,95.9077,39:02.5,95.91544728
Sell,FE,29.11,41:06.1,29.09854897
Buy,FE,29.0998,42:07.6,29.09854897
Sell,FE,29.16,43:09.3,29.09854897
Buy,GS,203.15,44:11.3,203.2911432
Buy,FE,29.0799,45:12.7,29.09854897
Sell,FE,29.1701,47:15.5,29.09854897
Sell,AXP,95.94,50:19.0,95.91544728
Buy,AXP,95.86,52:22.0,95.91544728
Sell,ABUS,4.44,58:29.2,5.983312696
Sell,LINC,5.495,58:29.5,5.818487571
Sell,INTC,49.6,58:29.7,51.11287678
Sell,AXP,95.79,58:29.9,95.91544728
Sell,AAL,11.385,58:30.2,11.47905857
Sell,GS,203,58:30.4,203.2911432
Sell,WMT,131.14,58:30.7,131.2741016
Sell,QH,7.7,58:30.9,7.946115179
Sell,CVX,90.8,58:31.1,90.95790963
Buy,HEAR,18.45,30:15.1,18.52965948
Buy,SINA,39.845,30:15.3,40.091347
Buy,RADA,6.39,30:15.5,6.418594615
Buy,EA,135.59,30:15.7,135.8161268
Buy,SMPL,24.26,30:15.8,24.18553923
Buy,MMM,156.21,30:16.0,161.9325717
Buy,NKE,97.26,30:16.2,97.6964031
Buy,UNH,297.95,30:16.4,299.417659
Buy,INTC,49.4,30:16.6,50.12549567
Buy,JNJ,147.535,30:16.9,147.809726
Buy,JPM,96.76,30:17.0,96.9727611
Buy,IBM,126.01,30:17.2,125.8379655
Buy,ED,74.43,30:17.4,74.50792908
Buy,SYY,53.95,30:17.6,54.16272462
Buy,BSX,38.32,30:17.9,38.46698413
Buy,PGR,87.02,30:18.1,87.58248612
Buy,FFIV,144.61,30:18.3,150.7273872
Buy,DE,174.9,30:18.5,176.0191346
Buy,OVID,6.73,31:25.8,6.758725275
Sell,HEAR,18.58,31:26.0,18.52965948
Buy,AERI,12.061,31:26.2,12.21294873
Sell,SMPL,24.42,31:26.3,24.18553923
Buy,WMT,131.34,31:26.6,131.3920076
Sell,JPM,97.251,31:26.8,96.9727611
Sell,IBM,126.03,31:27.0,125.8379655
Sell,ED,74.67,31:27.2,74.50792908
Buy,JRJC,10.48,31:28.4,10.53489862
Buy,HEAR,18.41,32:31.2,18.52965948
Sell,WMT,131.45,32:31.5,131.3920076
Buy,ALT,23.6216,32:31.7,23.73485806
Sell,AERI,12.37,33:34.9,12.21294873
Buy,WMT,131.35,33:35.2,131.3920076
Sell,SYY,54.25,33:35.4,54.16272462
Buy,GS,202.7141,33:35.7,202.8916741
Sell,WMT,131.74,34:41.3,131.3920076
Buy,SYY,54.03,34:41.6,54.16272462
Sell,ALT,23.6869,35:45.7,23.73485806
Buy,FUV,5.52,36:51.3,5.582379461
Buy,ALT,23.5425,36:51.6,23.73485806
Sell,FUV,5.6041,37:54.1,5.582379461
Buy,WMT,131.38,37:54.3,131.3920076
Buy,CINF,81.56,37:54.6,82.25214424
Buy,OSMT,5.3916,38:56.9,5.414169112
Sell,WMT,131.43,38:57.2,131.3920076
Buy,TRV,116.52,38:57.4,116.7280647
Buy,FUV,5.53,39:58.8,5.582379461
Buy,ALRM,67.49,39:59.1,67.62295526
Sell,CINF,82.55,39:59.3,82.25214424
Sell,HEAR,18.6,41:01.1,18.52965948
Sell,RADA,6.43,41:01.3,6.418594615
Buy,HD,266.87,41:01.5,267.3467334
Buy,XRX,15.63,41:01.7,15.67083603
Sell,SINA,40.14,42:03.4,40.091347
Buy,CINF,82.185,42:03.6,82.25214424
Buy,NCLH,13.6389,42:03.8,13.65653653
Sell,OSMT,5.43,44:07.7,5.414169112
Sell,TRV,116.74,44:07.9,116.7280647
Sell,ALT,23.85,45:09.4,23.73485806
Sell,NCLH,13.6699,45:10.1,13.65653653
Buy,CZR,30.4,46:11.5,30.41997652
Buy,TRV,116.6325,48:14.4,116.7280647
Buy,CATY,25.08,49:16.4,25.08238902
Buy,AXP,95.16,49:16.7,95.26857816
Buy,IBM,125.77,50:18.0,125.8379655
Sell,CATY,25.09,50:18.3,25.08238902
Buy,WMT,131.31,51:20.5,131.3920076
Buy,CATY,25.01,51:20.8,25.08238902
Buy,WIMI,7.62,51:21.1,7.687191652
Buy,NCLH,13.65,51:21.4,13.65653653
Buy,RCL,49.45,51:21.6,49.46867204
Buy,BA,170.247,51:21.8,171.2848876
Buy,OSMT,5.4,52:23.3,5.414169112
Sell,CATY,25.09,52:23.5,25.08238902
Sell,NCLH,13.715,52:23.8,13.65653653
Sell,RCL,49.63,52:24.0,49.46867204
Sell,OSMT,5.43,53:26.1,5.414169112
Buy,CATY,25.055,53:26.4,25.08238902
Buy,SHW,626.22,53:26.6,627.2928711
Sell,BA,171.32,53:26.9,171.2848876
Sell,SHW,628.1,54:28.6,627.2928711
Sell,CINF,82.83,54:28.9,82.25214424
Buy,BLNK,6.95,54:29.1,7.023931798
Buy,OSMT,5.411,55:30.8,5.414169112
Sell,WIMI,7.69,55:31.0,7.687191652
Buy,BA,171.06,55:31.2,171.2848876
Sell,TRV,116.88,56:32.8,116.7280647
Sell,BLNK,7.07,56:33.0,7.023931798
Sell,OSMT,5.42,57:34.6,5.414169112
Sell,CATY,25.1,57:34.8,25.08238902
Sell,BA,171.7701,57:35.0,171.2848876
Buy,BA,171.2682,59:37.6,171.2848876
Sell,BA,171.7285,00:39.2,171.2848876
Sell,AXP,95.29,01:41.0,95.26857816
Sell,WMT,131.395,02:42.6,131.3920076
Buy,WMT,131.27,03:44.2,131.3920076
Sell,WMT,131.4699,04:45.8,131.3920076
Buy,AXP,95.215,04:46.0,95.26857816
Buy,WMT,131.31,05:48.4,131.3920076
Buy,RADA,6.41,06:49.7,6.418594615
Sell,UNH,299.73,06:50.0,299.417659
Sell,WMT,131.58,06:50.2,131.3920076
Buy,UNH,299.34,07:51.6,299.417659
Sell,AXP,95.32,07:51.8,95.26857816
Sell,UNH,299.475,09:55.8,299.417659
Buy,HEAR,18.4952,11:58.6,18.52965948
Buy,AXP,95.205,11:58.8,95.26857816
Buy,OSMT,5.41,13:00.3,5.414169112
Sell,AXP,95.2855,13:00.5,95.26857816
Buy,ALT,23.725,13:00.7,23.73485806
Sell,ALT,23.93,14:02.0,23.73485806
Sell,GS,202.95,14:02.2,202.8916741
Sell,OSMT,5.42,15:04.6,5.414169112
Sell,HEAR,18.545,16:06.0,18.52965948
Buy,OSMT,5.41,16:06.2,5.414169112
Buy,CATY,25.06,16:06.5,25.08238902
Sell,OSMT,5.44,17:07.8,5.414169112
Sell,EA,135.91,18:09.2,135.8161268
Buy,ALT,23.68,18:09.4,23.73485806
Buy,HEAR,18.48,19:11.0,18.52965948
Buy,EA,135.76,19:11.3,135.8161268
Sell,CATY,25.12,19:11.5,25.08238902
Sell,CZR,30.48,19:11.8,30.41997652
Sell,HEAR,18.56,20:13.2,18.52965948
Sell,EA,135.83,21:14.6,135.8161268
Sell,ALT,23.835,21:14.9,23.73485806
Buy,CATY,25.07,22:16.5,25.08238902
Buy,ALT,23.7,22:16.7,23.73485806
Buy,HEAR,18.52,24:19.6,18.52965948
Buy,EA,135.7,24:19.9,135.8161268
Buy,PSTX,14.8,24:20.1,14.83041522
Buy,TRV,116.705,25:21.7,116.7280647
Sell,HEAR,18.5399,26:24.1,18.52965948
Buy,HEAR,18.285,27:25.7,18.52965948
Buy,AXP,95.23,27:25.9,95.26857816
Sell,PSTX,14.85,27:26.2,14.83041522
Buy,OSMT,5.41,28:27.5,5.414169112
Buy,BA,171.09,28:27.7,171.2848876
Sell,EA,135.82,29:29.8,135.8161268
Sell,OSMT,5.4148,30:31.2,5.414169112
Sell,JNJ,147.89,30:31.4,147.809726
Sell,BA,171.34,30:31.6,171.2848876
Buy,EA,135.71,31:33.0,135.8161268
Buy,JNJ,147.73,31:33.2,147.809726
Buy,GS,202.75,31:33.4,202.8916741
Buy,BA,170.7144,31:33.7,171.2848876
Buy,CCL,14.0053,31:33.9,14.03484934
Sell,ALT,23.75,33:36.4,23.73485806
Buy,CZR,30.331,33:36.6,30.41997652
Sell,CCL,14.0401,33:36.8,14.03484934
Buy,CXO,52.6,34:39.2,52.69122239
Buy,SINA,40.09,35:40.5,40.091347
Sell,JNJ,147.89,35:40.7,147.809726
Buy,AMKR,13.84,35:40.9,13.88709737
Buy,ALT,23.6201,35:42.1,23.73485806
Sell,CZR,30.42,35:42.4,30.41997652
Buy,PSTX,14.7399,35:42.6,14.83041522
Buy,OSMT,5.38,36:45.2,5.414169112
Buy,PFG,44.63,36:45.4,44.6395928
Buy,CZR,30.355,37:46.9,30.41997652
Sell,EA,135.86,38:48.2,135.8161268
Buy,JNJ,147.79,38:48.4,147.809726
Sell,OSMT,5.415,39:49.8,5.414169112
Sell,CZR,30.43,39:50.0,30.41997652
Buy,OSMT,5.39,40:51.5,5.414169112
Sell,AMKR,13.91,40:51.7,13.88709737
Buy,CZR,30.39,40:51.9,30.41997652
Buy,XOM,43.66,42:55.0,43.68466057
Buy,JPM,96.855,44:58.4,96.9727611
Buy,AMKR,13.84,44:58.6,13.88709737
Buy,CCL,13.98,44:58.9,14.03484934
Sell,SINA,40.1,46:00.5,40.091347
Buy,EA,135.78,46:00.7,135.8161268
Sell,AMKR,13.9627,46:00.9,13.88709737
Sell,HEAR,18.625,47:03.1,18.52965948
Sell,EA,135.955,48:04.4,135.8161268
Buy,JAKK,6.1601,50:07.1,6.236831217
Sell,XOM,43.7,51:08.5,43.68466057
Buy,UNH,299.37,52:09.9,299.417659
Sell,UNH,299.74,53:11.5,299.417659
Sell,JPM,97.02,53:11.7,96.9727611
Sell,JAKK,6.3,53:12.0,6.236831217
Sell,BA,171.3859,53:12.2,171.2848876
Buy,JAKK,6.235,54:13.6,6.236831217
Buy,XOM,43.675,55:15.3,43.68466057
Sell,XOM,43.7588,56:16.7,43.68466057
Sell,JAKK,6.25,56:16.9,6.236831217
Sell,CCL,14.06,56:17.1,14.03484934
Sell,ALT,23.78,57:18.5,23.73485806
Buy,UNH,299.4,58:19.9,299.417659
Sell,CZR,30.45,58:20.1,30.41997652
Buy,SINA,40.0817,01:25.1,40.091347
Buy,ALT,23.67,01:25.3,23.73485806
Buy,BA,171.2501,04:29.2,171.2848876
Buy,EA,135.7,06:32.7,135.8161268
Buy,JPM,96.95,06:32.9,96.9727611
Sell,SINA,40.11,08:35.7,40.091347
Sell,UNH,299.535,09:37.0,299.417659
Sell,JPM,96.98,09:37.3,96.9727611
Buy,UNH,299.38,11:41.2,299.417659
Sell,PGR,87.59,12:42.8,87.58248612
Sell,BA,171.619,12:43.0,171.2848876
Buy,INO,21.54,12:43.2,21.54093532
Sell,INO,21.63,13:44.6,21.54093532
Sell,EA,135.92,15:47.2,135.8161268
Sell,UNH,299.46,16:48.6,299.417659
Buy,INO,21.53,16:48.8,21.54093532
Buy,EA,135.7,18:52.2,135.8161268
Buy,UHS,108.72,20:54.7,108.7220781
Sell,UHS,108.84,21:56.1,108.7220781
Buy,UNH,299.4,22:57.5,299.417659
Buy,JAKK,6.22,22:57.7,6.236831217
Sell,HD,267.49,23:59.1,267.3467334
Buy,UHS,108.1922,23:59.4,108.7220781
Buy,PGR,87.58,25:00.7,87.58248612
Sell,UNH,299.64,26:02.9,299.417659
Sell,PGR,87.64,26:03.1,87.58248612
Sell,UHS,108.935,26:03.4,108.7220781
Sell,JAKK,6.25,26:03.6,6.236831217
Sell,DE,176.06,28:06.2,176.0191346
Buy,UHS,108.4897,28:06.4,108.7220781
Buy,JAKK,6.22,32:11.9,6.236831217
Sell,JAKK,6.29,35:15.7,6.236831217
Sell,INO,21.58,36:17.6,21.54093532
Sell,UHS,108.94,38:20.2,108.7220781
Sell,EA,135.85,40:22.8,135.8161268
Buy,INO,21.5,40:23.0,21.54093532
Buy,EA,135.78,42:25.6,135.8161268
Buy,JAKK,6.235,42:25.9,6.236831217
Buy,CZR,30.3181,43:27.2,30.41997652
Sell,EA,135.85,44:28.6,135.8161268
Buy,EA,135.81,45:30.0,135.8161268
Buy,UHS,108.65,46:31.5,108.7220781
Sell,UHS,109,47:32.8,108.7220781
Sell,FUV,5.65,51:37.9,5.582379461
Sell,JAKK,6.24,52:39.1,6.236831217
Buy,HD,267.33,54:41.7,267.3467334
Buy,JAKK,6.2178,55:43.1,6.236831217
Buy,PGR,87.55,56:44.5,87.58248612
Buy,UHS,108.63,57:45.8,108.7220781
Buy,KO,48.425,57:46.0,48.42695973
Sell,PGR,87.59,58:47.4,87.58248612
Sell,UHS,108.725,58:47.7,108.7220781
Buy,PGR,87.575,59:48.9,87.58248612
Sell,CZR,30.45,01:51.9,30.41997652
Sell,PGR,87.59,03:54.3,87.58248612
Sell,KO,48.435,03:54.6,48.42695973
Buy,PGR,87.56,04:56.1,87.58248612
Buy,CZR,30.385,04:56.3,30.41997652
Buy,KO,48.395,04:56.5,48.42695973
Sell,PGR,87.595,05:57.9,87.58248612
Sell,JAKK,6.2402,05:58.1,6.236831217
Buy,PGR,87.58,06:59.5,87.58248612
Sell,JNJ,147.84,08:00.8,147.809726
Sell,ALT,23.74,08:01.0,23.73485806
Buy,JNJ,147.79,12:06.2,147.809726
Buy,JAKK,6.21,12:06.4,6.236831217
Sell,JNJ,147.84,13:07.8,147.809726
Buy,UHS,108.72,13:08.1,108.7220781
Sell,CZR,30.44,13:08.3,30.41997652
Sell,JAKK,6.26,13:08.5,6.236831217
Buy,JNJ,147.8,14:10.0,147.809726
Sell,JNJ,147.9,16:12.7,147.809726
Sell,UHS,108.89,16:12.9,108.7220781
Buy,JNJ,147.78,19:16.4,147.809726
Buy,XOM,43.6699,20:17.9,43.68466057
Buy,JAKK,6.2019,20:18.2,6.236831217
Sell,JAKK,6.2433,22:20.9,6.236831217
Buy,JAKK,6.2367,26:26.0,6.236831217
Buy,DIS,116.45,26:26.2,116.4539289
Sell,DIS,116.4826,27:28.2,116.4539289
Buy,JPM,96.965,28:29.5,96.9727611
Buy,DIS,116.43,28:29.7,116.4539289
Sell,JPM,96.99,29:31.0,96.9727611
Sell,JAKK,6.245,29:31.3,6.236831217
Buy,RMBL,20.71,31:34.4,20.74668684
Sell,RMBL,20.78,33:36.8,20.74668684
Sell,DIS,116.46,33:37.0,116.4539289
Buy,RMBL,20.74,34:38.3,20.74668684
Sell,RMBL,20.97,35:39.7,20.74668684
Buy,JAKK,6.21,36:41.0,6.236831217
Buy,RMBL,20.7206,38:43.5,20.74668684
Sell,JAKK,6.3099,40:45.9,6.236831217
Buy,DIS,116.45,40:46.1,116.4539289
Buy,JAKK,6.22,42:48.6,6.236831217
Sell,RMBL,20.89,45:52.4,20.74668684
Buy,CINF,82.25,45:52.6,82.25214424
Sell,CINF,82.35,47:55.1,82.25214424
Sell,XOM,43.7134,53:01.2,43.68466057
Sell,RADA,6.42,54:02.6,6.418594615
Sell,JAKK,6.2934,54:02.8,6.236831217
Buy,RADA,6.37,55:04.4,6.418594615
Sell,HD,267.39,55:04.6,267.3467334
Sell,INO,21.5601,55:04.8,21.54093532
Sell,BSX,38.47,56:07.2,38.46698413
Buy,INO,21.5,56:07.4,21.54093532
Sell,INO,21.5902,57:08.7,21.54093532
Buy,BSX,38.465,58:10.4,38.46698413
Buy,INO,21.51,01:14.1,21.54093532
Sell,INO,21.54,02:15.3,21.54093532
Buy,INO,21.52,07:22.1,21.54093532
Buy,HD,267.24,11:26.9,267.3467334
Buy,XOM,43.65,14:30.7,43.68466057
Sell,XOM,43.69,16:33.7,43.68466057
Buy,XOM,43.675,17:35.1,43.68466057
Buy,CZR,30.415,18:37.0,30.41997652
Sell,XOM,43.7,20:39.4,43.68466057
Sell,CZR,30.42,20:39.6,30.41997652
Buy,WIMI,7.666,21:41.5,7.687191652
Sell,EA,135.875,22:42.9,135.8161268
Sell,WIMI,7.7397,22:43.1,7.687191652
Buy,CZR,30.415,22:43.3,30.41997652
Buy,WIMI,7.68,23:45.0,7.687191652
Sell,CZR,30.465,23:45.2,30.41997652
Buy,EA,135.8,24:46.5,135.8161268
Sell,WIMI,7.6999,24:46.7,7.687191652
Buy,XOM,43.655,25:48.1,43.68466057
Buy,WIMI,7.68,28:51.8,7.687191652
Sell,WIMI,7.77,29:53.1,7.687191652
Sell,XOM,43.71,30:54.4,43.68466057
Sell,HD,267.44,30:54.6,267.3467334
Sell,EA,136.01,32:57.1,135.8161268
Buy,XOM,43.65,34:59.6,43.68466057
Buy,HD,267.33,34:59.9,267.3467334
Sell,HD,267.38,36:01.3,267.3467334
Buy,JPM,96.97,37:02.8,96.9727611
Sell,DIS,116.49,37:03.0,116.4539289
Sell,PGR,87.61,39:05.6,87.58248612
Buy,PGR,87.56,41:08.0,87.58248612
Sell,PGR,87.585,42:09.3,87.58248612
Sell,JPM,96.98,43:10.7,96.9727611
Buy,PGR,87.53,43:10.9,87.58248612
Buy,WIMI,7.6499,43:11.1,7.687191652
Buy,DIS,116.45,43:11.4,116.4539289
Sell,DIS,116.482,51:22.9,116.4539289
Sell,IBM,125.84,52:24.3,125.8379655
Sell,XOM,43.69,53:26.0,43.68466057
Buy,IBM,125.82,53:26.2,125.8379655
Sell,IBM,125.84,54:27.7,125.8379655
Buy,IBM,125.81,55:29.2,125.8379655
Buy,XOM,43.67,57:32.1,43.68466057
Sell,XOM,43.71,58:33.5,43.68466057
Sell,KO,48.45,58:33.7,48.42695973
Sell,BSX,38.49,59:35.0,38.46698413
Buy,KO,48.41,59:35.5,48.42695973
Buy,EA,135.8,00:36.8,135.8161268
Buy,BSX,38.465,01:38.3,38.46698413
Sell,KO,48.45,02:39.7,48.42695973
Sell,BSX,38.485,04:42.2,38.46698413
Buy,BSX,38.435,06:44.8,38.46698413
Buy,KO,48.41,06:45.0,48.42695973
Sell,KO,48.427,07:46.4,48.42695973
Buy,KO,48.42,08:47.8,48.42695973
Buy,ALT,23.69,09:49.2,23.73485806
Sell,KO,48.435,09:49.4,48.42695973
Sell,BSX,38.4907,10:50.8,38.46698413
Buy,KO,48.415,14:56.6,48.42695973
Sell,ALT,23.8699,16:59.2,23.73485806
Sell,WIMI,7.69,21:04.4,7.687191652
Buy,ZBRA,273.395,22:05.8,273.4570888
Buy,WIMI,7.7,22:06.0,7.687191652
Sell,ZBRA,273.55,23:07.4,273.4570888
Sell,KO,48.435,23:07.6,48.42695973
Buy,KO,48.42,25:10.2,48.42695973
Buy,ZBRA,273.2398,26:11.6,273.4570888
Buy,HD,267.33,27:13.1,267.3467334
Sell,ZBRA,273.735,27:13.2,273.4570888
Sell,WIMI,7.69,27:13.7,7.687191652
Buy,WIMI,7.6773,29:16.3,7.687191652
Buy,ZBRA,273.38,31:18.6,273.4570888
Sell,KO,48.44,31:18.9,48.42695973
Sell,HD,267.43,33:21.4,267.3467334
Sell,ZBRA,273.51,33:21.7,273.4570888
Buy,HD,267.3,34:23.1,267.3467334
Buy,COG,18.2677,35:26.9,18.26835089
Sell,COG,18.275,36:28.5,18.26835089
Buy,COG,18.24,37:29.8,18.26835089
Sell,HD,267.37,39:32.6,267.3467334
Sell,AXP,95.29,39:32.8,95.26857816
Buy,AXP,95.21,41:35.9,95.26857816
Sell,PGR,87.61,44:39.8,87.58248612
Sell,AXP,95.32,45:41.3,95.26857816
Buy,AXP,95.23,46:42.5,95.26857816
Buy,ALT,23.71,46:42.8,23.73485806
Sell,ALT,23.8672,48:45.8,23.73485806
Buy,HD,267.335,50:48.9,267.3467334
Sell,HD,267.41,55:54.8,267.3467334
Buy,XOM,43.69,59:59.7,43.68466057
Buy,HD,267.3,59:59.9,267.3467334
Buy,ZBRA,273.3501,00:00.1,273.4570888
Buy,KO,48.425,00:00.3,48.42695973
Sell,ZBRA,273.59,01:01.8,273.4570888
Sell,XOM,43.7,02:03.1,43.68466057
Buy,ZBRA,273.27,02:03.3,273.4570888
Buy,DHI,65.65,02:03.5,65.70385987
Buy,XOM,43.67,03:05.1,43.68466057
Buy,PGR,87.57,04:06.8,87.58248612
Sell,ZBRA,273.56,05:08.3,273.4570888
Buy,DIS,116.43,05:08.8,116.4539289
Sell,PGR,87.61,06:10.8,87.58248612
Sell,DIS,116.4701,06:11.0,116.4539289
Buy,PGR,87.58,08:14.7,87.58248612
Buy,ZBRA,273.23,08:15.0,273.4570888
Buy,BSX,38.455,09:16.8,38.46698413
Buy,DIS,116.43,09:17.0,116.4539289
Sell,BSX,38.475,10:18.3,38.46698413
Sell,PGR,87.59,10:18.5,87.58248612
Sell,DIS,116.46,10:18.8,116.4539289
Sell,KO,48.43,11:20.1,48.42695973
Buy,DIS,116.4423,11:20.6,116.4539289
Buy,KO,48.425,12:22.0,48.42695973
Buy,ALT,23.67,13:23.3,23.73485806
Sell,DIS,116.48,13:23.5,116.4539289
Sell,COG,18.285,14:24.9,18.26835089
Buy,MSFT,202.91,14:25.1,202.9513716
Buy,DIS,116.42,15:26.6,116.4539289
Buy,BSX,38.46,16:28.0,38.46698413
Buy,HEAR,18.5,17:29.5,18.52965948
Buy,COG,18.26,17:29.6,18.26835089
Sell,DIS,116.46,17:29.9,116.4539289
Sell,BSX,38.485,19:32.3,38.46698413
Sell,HEAR,18.56,20:33.8,18.52965948
Sell,MSFT,203.02,20:34.0,202.9513716
Buy,BSX,38.44,21:35.4,38.46698413
Sell,ALT,23.8,21:35.6,23.73485806
Buy,MSFT,202.84,21:35.9,202.9513716
Buy,HEAR,18.525,22:37.2,18.52965948
Sell,MSFT,202.97,23:38.5,202.9513716
Buy,MSFT,202.85,24:39.9,202.9513716
Sell,HEAR,18.54,25:41.2,18.52965948
Buy,RMBL,20.6701,25:41.4,20.74668684
Buy,PGR,87.54,26:43.6,87.58248612
Sell,RMBL,20.764,26:43.9,20.74668684
Buy,RMBL,20.66,27:45.2,20.74668684
Buy,DIS,116.4,29:48.8,116.4539289
Buy,HEAR,18.52,32:53.3,18.52965948
Sell,PGR,87.61,32:53.5,87.58248612
Buy,PGR,87.56,34:56.2,87.58248612
Buy,BA,171.275,39:01.8,171.2848876
Sell,BA,171.32,41:04.5,171.2848876
Buy,BA,171.1745,43:07.4,171.2848876
Buy,SINA,40.09,44:09.1,40.091347
Sell,PGR,87.63,45:10.5,87.58248612
Sell,SINA,40.1,46:12.0,40.091347
Buy,PGR,87.55,48:14.7,87.58248612
Buy,SINA,40.09,49:16.1,40.091347
Sell,PGR,87.59,49:16.4,87.58248612
Buy,DE,175.905,49:16.6,176.0191346
Buy,SMPL,24.18,50:18.1,24.18553923
Buy,PGR,87.485,50:18.3,87.58248612
Sell,SINA,40.1,51:19.8,40.091347
Buy,CZR,30.37,51:20.0,30.41997652
Buy,SINA,40.1,53:22.7,40.091347
Sell,SINA,40.11,54:24.2,40.091347
Sell,SMPL,24.21,55:25.7,24.18553923
Buy,ALT,23.68,56:27.0,23.73485806
Sell,OVID,6.42,58:30.5,6.758725275
Sell,HEAR,18.38,58:30.7,18.52965948
Sell,RADA,6.35,58:31.0,6.418594615
Sell,EA,134.52,58:31.2,135.8161268
Sell,OSMT,5.18,58:31.4,5.414169112
Sell,ALRM,66.55,58:31.6,67.62295526
Sell,MMM,155.23,58:31.8,161.9325717
Sell,NKE,96.19,58:32.1,97.6964031
Sell,XOM,43.51,58:32.3,43.68466057
Sell,INTC,49.215,58:32.5,50.12549567
Sell,JNJ,146.86,58:32.7,147.809726
Sell,IBM,124.31,58:32.9,125.8379655
Sell,CXO,51.72,58:33.1,52.69122239
Sell,EA,134.49,58:33.3,135.8161268
Sell,SYY,53.48,58:33.6,54.16272462
Sell,BSX,38.16,58:33.8,38.46698413
Sell,PGR,87.37,58:34.1,87.58248612
Sell,FFIV,138.1251,58:34.3,150.7273872
Sell,DE,175.565,58:34.5,176.0191346
Sell,JRJC,10.03,58:34.7,10.53489862
Sell,RMBL,20.51,58:34.9,20.74668684
Sell,CATY,24.575,58:35.1,25.08238902
Sell,HD,264.84,58:35.3,267.3467334
Sell,AXP,94.18,58:35.5,95.26857816
Sell,ZBRA,271.22,58:35.7,273.4570888
Sell,DHI,64.345,58:35.9,65.70385987
Sell,PFG,43.325,58:36.1,44.6395928
Sell,XRX,15.245,58:36.3,15.67083603
Sell,ALT,23.67,58:36.5,23.73485806
Sell,GS,201.44,58:36.7,202.8916741
Sell,TRV,114.98,58:36.9,116.7280647
Sell,WIMI,7.43,58:37.2,7.687191652
Sell,CZR,30.23,58:37.4,30.41997652
Sell,COG,18.235,58:37.6,18.26835089
Sell,BA,170.88,58:37.7,171.2848876
Sell,INO,20.79,58:37.9,21.54093532
Sell,KO,48.1,58:38.1,48.42695973
Sell,PSTX,13.11,58:38.3,14.83041522
Sell,DIS,115.99,58:38.5,116.4539289
Sell,MSFT,202.04,58:38.7,202.9513716
